"Tr","arc_length","Points:0","Points:1","Points:2"
0.0001,0,0,0.02,0
0.0001,8e-05,8e-05,0.02,0
0.0001,0.00016,0.00016,0.02,0
0.0001,0.00024,0.00024,0.02,0
0.0001,0.00032,0.00032,0.02,0
0.0001,0.0004,0.0004,0.02,0
0.0001,0.00048,0.00048,0.02,0
0.0001,0.00056,0.00056,0.02,0
0.0001,0.00064,0.00064,0.02,0
0.0001,0.00072,0.00072,0.02,0
0.0001,0.0008,0.0008,0.02,0
0.0001,0.00088,0.00088,0.02,0
0.0001,0.00096,0.00096,0.02,0
0.0001,0.00104,0.00104,0.02,0
0.0001,0.00112,0.00112,0.02,0
0.0001,0.0012,0.0012,0.02,0
0.0001,0.00128,0.00128,0.02,0
0.0001,0.00136,0.00136,0.02,0
0.0001,0.00144,0.00144,0.02,0
0.0001,0.00152,0.00152,0.02,0
0.0001,0.0016,0.0016,0.02,0
0.0001,0.00168,0.00168,0.02,0
0.0001,0.00176,0.00176,0.02,0
0.0001,0.00184,0.00184,0.02,0
0.0001,0.00192,0.00192,0.02,0
0.0001,0.002,0.002,0.02,0
0.0001,0.00208,0.00208,0.02,0
0.0001,0.00216,0.00216,0.02,0
0.0001,0.00224,0.00224,0.02,0
0.0001,0.00232,0.00232,0.02,0
0.0001,0.0024,0.0024,0.02,0
0.0001,0.00248,0.00248,0.02,0
0.0001,0.00256,0.00256,0.02,0
0.0001,0.00264,0.00264,0.02,0
0.0001,0.00272,0.00272,0.02,0
0.0001,0.0028,0.0028,0.02,0
0.0001,0.00288,0.00288,0.02,0
0.0001,0.00296,0.00296,0.02,0
0.0001,0.00304,0.00304,0.02,0
0.0001,0.00312,0.00312,0.02,0
0.0001,0.0032,0.0032,0.02,0
0.0001,0.00328,0.00328,0.02,0
0.0001,0.00336,0.00336,0.02,0
0.0001,0.00344,0.00344,0.02,0
0.0001,0.00352,0.00352,0.02,0
0.0001,0.0036,0.0036,0.02,0
0.0001,0.00368,0.00368,0.02,0
0.0001,0.00376,0.00376,0.02,0
0.0001,0.00384,0.00384,0.02,0
0.0001,0.00392,0.00392,0.02,0
0.0001,0.004,0.004,0.02,0
0.0001,0.00408,0.00408,0.02,0
0.0001,0.00416,0.00416,0.02,0
0.0001,0.00424,0.00424,0.02,0
0.0001,0.00432,0.00432,0.02,0
0.0001,0.0044,0.0044,0.02,0
0.0001,0.00448,0.00448,0.02,0
0.0001,0.00456,0.00456,0.02,0
0.0001,0.00464,0.00464,0.02,0
0.0001,0.00472,0.00472,0.02,0
0.0001,0.0048,0.0048,0.02,0
0.0001,0.00488,0.00488,0.02,0
0.0001,0.00496,0.00496,0.02,0
0.0001,0.00504,0.00504,0.02,0
0.0001,0.00512,0.00512,0.02,0
0.0001,0.0052,0.0052,0.02,0
0.0001,0.00528,0.00528,0.02,0
0.0001,0.00536,0.00536,0.02,0
0.0001,0.00544,0.00544,0.02,0
0.0001,0.00552,0.00552,0.02,0
0.0001,0.0056,0.0056,0.02,0
0.0001,0.00568,0.00568,0.02,0
0.0001,0.00576,0.00576,0.02,0
0.0001,0.00584,0.00584,0.02,0
0.0001,0.00592,0.00592,0.02,0
0.0001,0.006,0.006,0.02,0
0.0001,0.00608,0.00608,0.02,0
0.0001,0.00616,0.00616,0.02,0
0.0001,0.00624,0.00624,0.02,0
0.0001,0.00632,0.00632,0.02,0
0.0001,0.0064,0.0064,0.02,0
0.0001,0.00648,0.00648,0.02,0
0.0001,0.00656,0.00656,0.02,0
0.0001,0.00664,0.00664,0.02,0
0.0001,0.00672,0.00672,0.02,0
0.0001,0.0068,0.0068,0.02,0
0.0001,0.00688,0.00688,0.02,0
0.0001,0.00696,0.00696,0.02,0
0.0001,0.00704,0.00704,0.02,0
0.0001,0.00712,0.00712,0.02,0
0.0001,0.0072,0.0072,0.02,0
0.0001,0.00728,0.00728,0.02,0
0.0001,0.00736,0.00736,0.02,0
0.0001,0.00744,0.00744,0.02,0
0.0001,0.00752,0.00752,0.02,0
0.0001,0.0076,0.0076,0.02,0
0.0001,0.00768,0.00768,0.02,0
0.0001,0.00776,0.00776,0.02,0
0.0001,0.00784,0.00784,0.02,0
0.0001,0.00792,0.00792,0.02,0
0.0001,0.008,0.008,0.02,0
0.0001,0.00808,0.00808,0.02,0
0.0001,0.00816,0.00816,0.02,0
0.0001,0.00824,0.00824,0.02,0
0.0001,0.00832,0.00832,0.02,0
0.0001,0.0084,0.0084,0.02,0
0.0001,0.00848,0.00848,0.02,0
0.0001,0.00856,0.00856,0.02,0
0.0001,0.00864,0.00864,0.02,0
0.0001,0.00872,0.00872,0.02,0
0.0001,0.0088,0.0088,0.02,0
0.0001,0.00888,0.00888,0.02,0
0.0001,0.00896,0.00896,0.02,0
0.0001,0.00904,0.00904,0.02,0
0.0001,0.00912,0.00912,0.02,0
0.0001,0.0092,0.0092,0.02,0
0.0001,0.00928,0.00928,0.02,0
0.0001,0.00936,0.00936,0.02,0
0.0001,0.00944,0.00944,0.02,0
0.0001,0.00952,0.00952,0.02,0
0.0001,0.0096,0.0096,0.02,0
0.0001,0.00968,0.00968,0.02,0
0.0001,0.00976,0.00976,0.02,0
0.0001,0.00984,0.00984,0.02,0
0.0001,0.00992,0.00992,0.02,0
0.0001,0.01,0.01,0.02,0
9.9999e-05,0.01008,0.01008,0.02,0
9.9999e-05,0.01016,0.01016,0.02,0
9.9999e-05,0.01024,0.01024,0.02,0
9.9999e-05,0.01032,0.01032,0.02,0
9.9999e-05,0.0104,0.0104,0.02,0
9.9999e-05,0.01048,0.01048,0.02,0
9.9999e-05,0.01056,0.01056,0.02,0
9.9999e-05,0.01064,0.01064,0.02,0
9.9999e-05,0.01072,0.01072,0.02,0
9.9999e-05,0.0108,0.0108,0.02,0
9.9999e-05,0.01088,0.01088,0.02,0
9.9999e-05,0.01096,0.01096,0.02,0
9.9999e-05,0.01104,0.01104,0.02,0
9.9999e-05,0.01112,0.01112,0.02,0
9.9999e-05,0.0112,0.0112,0.02,0
9.9998e-05,0.01128,0.01128,0.02,0
9.9998e-05,0.01136,0.01136,0.02,0
9.9998e-05,0.01144,0.01144,0.02,0
9.9998e-05,0.01152,0.01152,0.02,0
9.9998e-05,0.0116,0.0116,0.02,0
9.9998e-05,0.01168,0.01168,0.02,0
9.9998e-05,0.01176,0.01176,0.02,0
9.9998e-05,0.01184,0.01184,0.02,0
9.9998e-05,0.01192,0.01192,0.02,0
9.9998e-05,0.012,0.012,0.02,0
9.9998e-05,0.01208,0.01208,0.02,0
9.9997e-05,0.01216,0.01216,0.02,0
9.9997e-05,0.01224,0.01224,0.02,0
9.9997e-05,0.01232,0.01232,0.02,0
9.9997e-05,0.0124,0.0124,0.02,0
9.9997e-05,0.01248,0.01248,0.02,0
9.9996e-05,0.01256,0.01256,0.02,0
9.9996e-05,0.01264,0.01264,0.02,0
9.9996e-05,0.01272,0.01272,0.02,0
9.9996e-05,0.0128,0.0128,0.02,0
9.9996e-05,0.01288,0.01288,0.02,0
9.9995e-05,0.01296,0.01296,0.02,0
9.9995e-05,0.01304,0.01304,0.02,0
9.9995e-05,0.01312,0.01312,0.02,0
9.9995e-05,0.0132,0.0132,0.02,0
9.9994e-05,0.01328,0.01328,0.02,0
9.9994e-05,0.01336,0.01336,0.02,0
9.9994e-05,0.01344,0.01344,0.02,0
9.9994e-05,0.01352,0.01352,0.02,0
9.9994e-05,0.0136,0.0136,0.02,0
9.9993e-05,0.01368,0.01368,0.02,0
9.9993e-05,0.01376,0.01376,0.02,0
9.9993e-05,0.01384,0.01384,0.02,0
9.9993e-05,0.01392,0.01392,0.02,0
9.9992e-05,0.014,0.014,0.02,0
9.9992e-05,0.01408,0.01408,0.02,0
9.9991e-05,0.01416,0.01416,0.02,0
9.9991e-05,0.01424,0.01424,0.02,0
9.999e-05,0.01432,0.01432,0.02,0
9.9989e-05,0.0144,0.0144,0.02,0
9.9989e-05,0.01448,0.01448,0.02,0
9.9988e-05,0.01456,0.01456,0.02,0
9.9987e-05,0.01464,0.01464,0.02,0
9.9987e-05,0.01472,0.01472,0.02,0
9.9986e-05,0.0148,0.0148,0.02,0
9.9985e-05,0.01488,0.01488,0.02,0
9.9985e-05,0.01496,0.01496,0.02,0
9.9984e-05,0.01504,0.01504,0.02,0
9.9984e-05,0.01512,0.01512,0.02,0
9.9983e-05,0.0152,0.0152,0.02,0
9.9982e-05,0.01528,0.01528,0.02,0
9.9982e-05,0.01536,0.01536,0.02,0
9.9981e-05,0.01544,0.01544,0.02,0
9.998e-05,0.01552,0.01552,0.02,0
9.998e-05,0.0156,0.0156,0.02,0
9.9979e-05,0.01568,0.01568,0.02,0
9.9978e-05,0.01576,0.01576,0.02,0
9.9978e-05,0.01584,0.01584,0.02,0
9.9977e-05,0.01592,0.01592,0.02,0
9.9976e-05,0.016,0.016,0.02,0
9.9975e-05,0.01608,0.01608,0.02,0
9.9973e-05,0.01616,0.01616,0.02,0
9.9972e-05,0.01624,0.01624,0.02,0
9.997e-05,0.01632,0.01632,0.02,0
9.9968e-05,0.0164,0.0164,0.02,0
9.9967e-05,0.01648,0.01648,0.02,0
9.9965e-05,0.01656,0.01656,0.02,0
9.9963e-05,0.01664,0.01664,0.02,0
9.9962e-05,0.01672,0.01672,0.02,0
9.996e-05,0.0168,0.0168,0.02,0
9.9959e-05,0.01688,0.01688,0.02,0
9.9957e-05,0.01696,0.01696,0.02,0
9.9955e-05,0.01704,0.01704,0.02,0
9.9954e-05,0.01712,0.01712,0.02,0
9.9952e-05,0.0172,0.0172,0.02,0
9.995e-05,0.01728,0.01728,0.02,0
9.9949e-05,0.01736,0.01736,0.02,0
9.9947e-05,0.01744,0.01744,0.02,0
9.9945e-05,0.01752,0.01752,0.02,0
9.9944e-05,0.0176,0.0176,0.02,0
9.9942e-05,0.01768,0.01768,0.02,0
9.9941e-05,0.01776,0.01776,0.02,0
9.9939e-05,0.01784,0.01784,0.02,0
9.9937e-05,0.01792,0.01792,0.02,0
9.9936e-05,0.018,0.018,0.02,0
9.9932e-05,0.01808,0.01808,0.02,0
9.9928e-05,0.01816,0.01816,0.02,0
9.9924e-05,0.01824,0.01824,0.02,0
9.9921e-05,0.01832,0.01832,0.02,0
9.9917e-05,0.0184,0.0184,0.02,0
9.9913e-05,0.01848,0.01848,0.02,0
9.991e-05,0.01856,0.01856,0.02,0
9.9906e-05,0.01864,0.01864,0.02,0
9.9902e-05,0.01872,0.01872,0.02,0
9.9898e-05,0.0188,0.0188,0.02,0
9.9895e-05,0.01888,0.01888,0.02,0
9.9891e-05,0.01896,0.01896,0.02,0
9.9887e-05,0.01904,0.01904,0.02,0
9.9883e-05,0.01912,0.01912,0.02,0
9.988e-05,0.0192,0.0192,0.02,0
9.9876e-05,0.01928,0.01928,0.02,0
9.9872e-05,0.01936,0.01936,0.02,0
9.9869e-05,0.01944,0.01944,0.02,0
9.9865e-05,0.01952,0.01952,0.02,0
9.9861e-05,0.0196,0.0196,0.02,0
9.9857e-05,0.01968,0.01968,0.02,0
9.9854e-05,0.01976,0.01976,0.02,0
9.985e-05,0.01984,0.01984,0.02,0
9.9846e-05,0.01992,0.01992,0.02,0
9.9842e-05,0.02,0.02,0.02,0
9.9835e-05,0.02008,0.02008,0.02,0
9.9827e-05,0.02016,0.02016,0.02,0
9.9819e-05,0.02024,0.02024,0.02,0
9.9812e-05,0.02032,0.02032,0.02,0
9.9804e-05,0.0204,0.0204,0.02,0
9.9796e-05,0.02048,0.02048,0.02,0
9.9789e-05,0.02056,0.02056,0.02,0
9.9781e-05,0.02064,0.02064,0.02,0
9.9773e-05,0.02072,0.02072,0.02,0
9.9765e-05,0.0208,0.0208,0.02,0
9.9758e-05,0.02088,0.02088,0.02,0
9.975e-05,0.02096,0.02096,0.02,0
9.9742e-05,0.02104,0.02104,0.02,0
9.9735e-05,0.02112,0.02112,0.02,0
9.9727e-05,0.0212,0.0212,0.02,0
9.9719e-05,0.02128,0.02128,0.02,0
9.9712e-05,0.02136,0.02136,0.02,0
9.9704e-05,0.02144,0.02144,0.02,0
9.9696e-05,0.02152,0.02152,0.02,0
9.9689e-05,0.0216,0.0216,0.02,0
9.9681e-05,0.02168,0.02168,0.02,0
9.9673e-05,0.02176,0.02176,0.02,0
9.9665e-05,0.02184,0.02184,0.02,0
9.9658e-05,0.02192,0.02192,0.02,0
9.965e-05,0.022,0.022,0.02,0
9.9636e-05,0.02208,0.02208,0.02,0
9.9621e-05,0.02216,0.02216,0.02,0
9.9607e-05,0.02224,0.02224,0.02,0
9.9592e-05,0.02232,0.02232,0.02,0
9.9577e-05,0.0224,0.0224,0.02,0
9.9563e-05,0.02248,0.02248,0.02,0
9.9548e-05,0.02256,0.02256,0.02,0
9.9534e-05,0.02264,0.02264,0.02,0
9.9519e-05,0.02272,0.02272,0.02,0
9.9505e-05,0.0228,0.0228,0.02,0
9.949e-05,0.02288,0.02288,0.02,0
9.9476e-05,0.02296,0.02296,0.02,0
9.9461e-05,0.02304,0.02304,0.02,0
9.9447e-05,0.02312,0.02312,0.02,0
9.9432e-05,0.0232,0.0232,0.02,0
9.9418e-05,0.02328,0.02328,0.02,0
9.9403e-05,0.02336,0.02336,0.02,0
9.9389e-05,0.02344,0.02344,0.02,0
9.9374e-05,0.02352,0.02352,0.02,0
9.936e-05,0.0236,0.0236,0.02,0
9.9345e-05,0.02368,0.02368,0.02,0
9.9331e-05,0.02376,0.02376,0.02,0
9.9316e-05,0.02384,0.02384,0.02,0
9.9302e-05,0.02392,0.02392,0.02,0
9.9287e-05,0.024,0.024,0.02,0
9.9262e-05,0.02408,0.02408,0.02,0
9.9236e-05,0.02416,0.02416,0.02,0
9.9211e-05,0.02424,0.02424,0.02,0
9.9186e-05,0.02432,0.02432,0.02,0
9.9161e-05,0.0244,0.0244,0.02,0
9.9135e-05,0.02448,0.02448,0.02,0
9.911e-05,0.02456,0.02456,0.02,0
9.9085e-05,0.02464,0.02464,0.02,0
9.9059e-05,0.02472,0.02472,0.02,0
9.9034e-05,0.0248,0.0248,0.02,0
9.9009e-05,0.02488,0.02488,0.02,0
9.8983e-05,0.02496,0.02496,0.02,0
9.8958e-05,0.02504,0.02504,0.02,0
9.8933e-05,0.02512,0.02512,0.02,0
9.8908e-05,0.0252,0.0252,0.02,0
9.8882e-05,0.02528,0.02528,0.02,0
9.8857e-05,0.02536,0.02536,0.02,0
9.8832e-05,0.02544,0.02544,0.02,0
9.8806e-05,0.02552,0.02552,0.02,0
9.8781e-05,0.0256,0.0256,0.02,0
9.8756e-05,0.02568,0.02568,0.02,0
9.873e-05,0.02576,0.02576,0.02,0
9.8705e-05,0.02584,0.02584,0.02,0
9.868e-05,0.02592,0.02592,0.02,0
9.8655e-05,0.026,0.026,0.02,0
9.8614e-05,0.02608,0.02608,0.02,0
9.8573e-05,0.02616,0.02616,0.02,0
9.8532e-05,0.02624,0.02624,0.02,0
9.8491e-05,0.02632,0.02632,0.02,0
9.845e-05,0.0264,0.0264,0.02,0
9.8409e-05,0.02648,0.02648,0.02,0
9.8368e-05,0.02656,0.02656,0.02,0
9.8327e-05,0.02664,0.02664,0.02,0
9.8286e-05,0.02672,0.02672,0.02,0
9.8245e-05,0.0268,0.0268,0.02,0
9.8204e-05,0.02688,0.02688,0.02,0
9.8163e-05,0.02696,0.02696,0.02,0
9.8122e-05,0.02704,0.02704,0.02,0
9.8081e-05,0.02712,0.02712,0.02,0
9.804e-05,0.0272,0.0272,0.02,0
9.7999e-05,0.02728,0.02728,0.02,0
9.7958e-05,0.02736,0.02736,0.02,0
9.7917e-05,0.02744,0.02744,0.02,0
9.7876e-05,0.02752,0.02752,0.02,0
9.7835e-05,0.0276,0.0276,0.02,0
9.7794e-05,0.02768,0.02768,0.02,0
9.7753e-05,0.02776,0.02776,0.02,0
9.7712e-05,0.02784,0.02784,0.02,0
9.7671e-05,0.02792,0.02792,0.02,0
9.763e-05,0.028,0.028,0.02,0
9.7568e-05,0.02808,0.02808,0.02,0
9.7505e-05,0.02816,0.02816,0.02,0
9.7443e-05,0.02824,0.02824,0.02,0
9.7381e-05,0.02832,0.02832,0.02,0
9.7319e-05,0.0284,0.0284,0.02,0
9.7257e-05,0.02848,0.02848,0.02,0
9.7195e-05,0.02856,0.02856,0.02,0
9.7132e-05,0.02864,0.02864,0.02,0
9.707e-05,0.02872,0.02872,0.02,0
9.7008e-05,0.0288,0.0288,0.02,0
9.6946e-05,0.02888,0.02888,0.02,0
9.6884e-05,0.02896,0.02896,0.02,0
9.6821e-05,0.02904,0.02904,0.02,0
9.6759e-05,0.02912,0.02912,0.02,0
9.6697e-05,0.0292,0.0292,0.02,0
9.6635e-05,0.02928,0.02928,0.02,0
9.6573e-05,0.02936,0.02936,0.02,0
9.6511e-05,0.02944,0.02944,0.02,0
9.6448e-05,0.02952,0.02952,0.02,0
9.6386e-05,0.0296,0.0296,0.02,0
9.6324e-05,0.02968,0.02968,0.02,0
9.6262e-05,0.02976,0.02976,0.02,0
9.62e-05,0.02984,0.02984,0.02,0
9.6137e-05,0.02992,0.02992,0.02,0
9.6075e-05,0.03,0.03,0.02,0
9.5986e-05,0.03008,0.03008,0.02,0
9.5898e-05,0.03016,0.03016,0.02,0
9.5809e-05,0.03024,0.03024,0.02,0
9.572e-05,0.03032,0.03032,0.02,0
9.5631e-05,0.0304,0.0304,0.02,0
9.5542e-05,0.03048,0.03048,0.02,0
9.5454e-05,0.03056,0.03056,0.02,0
9.5365e-05,0.03064,0.03064,0.02,0
9.5276e-05,0.03072,0.03072,0.02,0
9.5187e-05,0.0308,0.0308,0.02,0
9.5098e-05,0.03088,0.03088,0.02,0
9.501e-05,0.03096,0.03096,0.02,0
9.4921e-05,0.03104,0.03104,0.02,0
9.4832e-05,0.03112,0.03112,0.02,0
9.4743e-05,0.0312,0.0312,0.02,0
9.4654e-05,0.03128,0.03128,0.02,0
9.4566e-05,0.03136,0.03136,0.02,0
9.4477e-05,0.03144,0.03144,0.02,0
9.4388e-05,0.03152,0.03152,0.02,0
9.4299e-05,0.0316,0.0316,0.02,0
9.421e-05,0.03168,0.03168,0.02,0
9.4122e-05,0.03176,0.03176,0.02,0
9.4033e-05,0.03184,0.03184,0.02,0
9.3944e-05,0.03192,0.03192,0.02,0
9.3855e-05,0.032,0.032,0.02,0
9.3735e-05,0.03208,0.03208,0.02,0
9.3615e-05,0.03216,0.03216,0.02,0
9.3495e-05,0.03224,0.03224,0.02,0
9.3375e-05,0.03232,0.03232,0.02,0
9.3255e-05,0.0324,0.0324,0.02,0
9.3135e-05,0.03248,0.03248,0.02,0
9.3015e-05,0.03256,0.03256,0.02,0
9.2895e-05,0.03264,0.03264,0.02,0
9.2775e-05,0.03272,0.03272,0.02,0
9.2655e-05,0.0328,0.0328,0.02,0
9.2535e-05,0.03288,0.03288,0.02,0
9.2415e-05,0.03296,0.03296,0.02,0
9.2295e-05,0.03304,0.03304,0.02,0
9.2175e-05,0.03312,0.03312,0.02,0
9.2055e-05,0.0332,0.0332,0.02,0
9.1935e-05,0.03328,0.03328,0.02,0
9.1815e-05,0.03336,0.03336,0.02,0
9.1695e-05,0.03344,0.03344,0.02,0
9.1575e-05,0.03352,0.03352,0.02,0
9.1455e-05,0.0336,0.0336,0.02,0
9.1335e-05,0.03368,0.03368,0.02,0
9.1215e-05,0.03376,0.03376,0.02,0
9.1095e-05,0.03384,0.03384,0.02,0
9.0975e-05,0.03392,0.03392,0.02,0
9.0855e-05,0.034,0.034,0.02,0
9.0701e-05,0.03408,0.03408,0.02,0
9.0547e-05,0.03416,0.03416,0.02,0
9.0393e-05,0.03424,0.03424,0.02,0
9.0239e-05,0.03432,0.03432,0.02,0
9.0085e-05,0.0344,0.0344,0.02,0
8.9931e-05,0.03448,0.03448,0.02,0
8.9777e-05,0.03456,0.03456,0.02,0
8.9623e-05,0.03464,0.03464,0.02,0
8.9469e-05,0.03472,0.03472,0.02,0
8.9315e-05,0.0348,0.0348,0.02,0
8.9161e-05,0.03488,0.03488,0.02,0
8.9007e-05,0.03496,0.03496,0.02,0
8.8853e-05,0.03504,0.03504,0.02,0
8.8699e-05,0.03512,0.03512,0.02,0
8.8545e-05,0.0352,0.0352,0.02,0
8.839e-05,0.03528,0.03528,0.02,0
8.8236e-05,0.03536,0.03536,0.02,0
8.8082e-05,0.03544,0.03544,0.02,0
8.7928e-05,0.03552,0.03552,0.02,0
8.7774e-05,0.0356,0.0356,0.02,0
8.762e-05,0.03568,0.03568,0.02,0
8.7466e-05,0.03576,0.03576,0.02,0
8.7312e-05,0.03584,0.03584,0.02,0
8.7158e-05,0.03592,0.03592,0.02,0
8.7004e-05,0.036,0.036,0.02,0
8.6815e-05,0.03608,0.03608,0.02,0
8.6627e-05,0.03616,0.03616,0.02,0
8.6438e-05,0.03624,0.03624,0.02,0
8.6249e-05,0.03632,0.03632,0.02,0
8.6061e-05,0.0364,0.0364,0.02,0
8.5872e-05,0.03648,0.03648,0.02,0
8.5683e-05,0.03656,0.03656,0.02,0
8.5495e-05,0.03664,0.03664,0.02,0
8.5306e-05,0.03672,0.03672,0.02,0
8.5117e-05,0.0368,0.0368,0.02,0
8.4929e-05,0.03688,0.03688,0.02,0
8.474e-05,0.03696,0.03696,0.02,0
8.4551e-05,0.03704,0.03704,0.02,0
8.4363e-05,0.03712,0.03712,0.02,0
8.4174e-05,0.0372,0.0372,0.02,0
8.3985e-05,0.03728,0.03728,0.02,0
8.3797e-05,0.03736,0.03736,0.02,0
8.3608e-05,0.03744,0.03744,0.02,0
8.3419e-05,0.03752,0.03752,0.02,0
8.3231e-05,0.0376,0.0376,0.02,0
8.3042e-05,0.03768,0.03768,0.02,0
8.2853e-05,0.03776,0.03776,0.02,0
8.2665e-05,0.03784,0.03784,0.02,0
8.2476e-05,0.03792,0.03792,0.02,0
8.2287e-05,0.038,0.038,0.02,0
8.2066e-05,0.03808,0.03808,0.02,0
8.1845e-05,0.03816,0.03816,0.02,0
8.1624e-05,0.03824,0.03824,0.02,0
8.1403e-05,0.03832,0.03832,0.02,0
8.1182e-05,0.0384,0.0384,0.02,0
8.0961e-05,0.03848,0.03848,0.02,0
8.074e-05,0.03856,0.03856,0.02,0
8.0519e-05,0.03864,0.03864,0.02,0
8.0298e-05,0.03872,0.03872,0.02,0
8.0077e-05,0.0388,0.0388,0.02,0
7.9855e-05,0.03888,0.03888,0.02,0
7.9634e-05,0.03896,0.03896,0.02,0
7.9413e-05,0.03904,0.03904,0.02,0
7.9192e-05,0.03912,0.03912,0.02,0
7.8971e-05,0.0392,0.0392,0.02,0
7.875e-05,0.03928,0.03928,0.02,0
7.8529e-05,0.03936,0.03936,0.02,0
7.8308e-05,0.03944,0.03944,0.02,0
7.8087e-05,0.03952,0.03952,0.02,0
7.7866e-05,0.0396,0.0396,0.02,0
7.7645e-05,0.03968,0.03968,0.02,0
7.7423e-05,0.03976,0.03976,0.02,0
7.7202e-05,0.03984,0.03984,0.02,0
7.6981e-05,0.03992,0.03992,0.02,0
7.676e-05,0.04,0.04,0.02,0
7.6511e-05,0.04008,0.04008,0.02,0
7.6263e-05,0.04016,0.04016,0.02,0
7.6014e-05,0.04024,0.04024,0.02,0
7.5765e-05,0.04032,0.04032,0.02,0
7.5517e-05,0.0404,0.0404,0.02,0
7.5268e-05,0.04048,0.04048,0.02,0
7.5019e-05,0.04056,0.04056,0.02,0
7.477e-05,0.04064,0.04064,0.02,0
7.4522e-05,0.04072,0.04072,0.02,0
7.4273e-05,0.0408,0.0408,0.02,0
7.4024e-05,0.04088,0.04088,0.02,0
7.3776e-05,0.04096,0.04096,0.02,0
7.3527e-05,0.04104,0.04104,0.02,0
7.3278e-05,0.04112,0.04112,0.02,0
7.3029e-05,0.0412,0.0412,0.02,0
7.2781e-05,0.04128,0.04128,0.02,0
7.2532e-05,0.04136,0.04136,0.02,0
7.2283e-05,0.04144,0.04144,0.02,0
7.2034e-05,0.04152,0.04152,0.02,0
7.1786e-05,0.0416,0.0416,0.02,0
7.1537e-05,0.04168,0.04168,0.02,0
7.1288e-05,0.04176,0.04176,0.02,0
7.104e-05,0.04184,0.04184,0.02,0
7.0791e-05,0.04192,0.04192,0.02,0
7.0542e-05,0.042,0.042,0.02,0
7.0273e-05,0.04208,0.04208,0.02,0
7.0004e-05,0.04216,0.04216,0.02,0
6.9734e-05,0.04224,0.04224,0.02,0
6.9465e-05,0.04232,0.04232,0.02,0
6.9196e-05,0.0424,0.0424,0.02,0
6.8926e-05,0.04248,0.04248,0.02,0
6.8657e-05,0.04256,0.04256,0.02,0
6.8388e-05,0.04264,0.04264,0.02,0
6.8118e-05,0.04272,0.04272,0.02,0
6.7849e-05,0.0428,0.0428,0.02,0
6.758e-05,0.04288,0.04288,0.02,0
6.7311e-05,0.04296,0.04296,0.02,0
6.7041e-05,0.04304,0.04304,0.02,0
6.6772e-05,0.04312,0.04312,0.02,0
6.6503e-05,0.0432,0.0432,0.02,0
6.6233e-05,0.04328,0.04328,0.02,0
6.5964e-05,0.04336,0.04336,0.02,0
6.5695e-05,0.04344,0.04344,0.02,0
6.5426e-05,0.04352,0.04352,0.02,0
6.5156e-05,0.0436,0.0436,0.02,0
6.4887e-05,0.04368,0.04368,0.02,0
6.4618e-05,0.04376,0.04376,0.02,0
6.4348e-05,0.04384,0.04384,0.02,0
6.4079e-05,0.04392,0.04392,0.02,0
6.381e-05,0.044,0.044,0.02,0
6.3528e-05,0.04408,0.04408,0.02,0
6.3247e-05,0.04416,0.04416,0.02,0
6.2966e-05,0.04424,0.04424,0.02,0
6.2684e-05,0.04432,0.04432,0.02,0
6.2403e-05,0.0444,0.0444,0.02,0
6.2122e-05,0.04448,0.04448,0.02,0
6.184e-05,0.04456,0.04456,0.02,0
6.1559e-05,0.04464,0.04464,0.02,0
6.1278e-05,0.04472,0.04472,0.02,0
6.0996e-05,0.0448,0.0448,0.02,0
6.0715e-05,0.04488,0.04488,0.02,0
6.0434e-05,0.04496,0.04496,0.02,0
6.0152e-05,0.04504,0.04504,0.02,0
5.9871e-05,0.04512,0.04512,0.02,0
5.959e-05,0.0452,0.0452,0.02,0
5.9308e-05,0.04528,0.04528,0.02,0
5.9027e-05,0.04536,0.04536,0.02,0
5.8746e-05,0.04544,0.04544,0.02,0
5.8464e-05,0.04552,0.04552,0.02,0
5.8183e-05,0.0456,0.0456,0.02,0
5.7902e-05,0.04568,0.04568,0.02,0
5.762e-05,0.04576,0.04576,0.02,0
5.7339e-05,0.04584,0.04584,0.02,0
5.7058e-05,0.04592,0.04592,0.02,0
5.6776e-05,0.046,0.046,0.02,0
5.6492e-05,0.04608,0.04608,0.02,0
5.6208e-05,0.04616,0.04616,0.02,0
5.5924e-05,0.04624,0.04624,0.02,0
5.564e-05,0.04632,0.04632,0.02,0
5.5355e-05,0.0464,0.0464,0.02,0
5.5071e-05,0.04648,0.04648,0.02,0
5.4787e-05,0.04656,0.04656,0.02,0
5.4503e-05,0.04664,0.04664,0.02,0
5.4219e-05,0.04672,0.04672,0.02,0
5.3934e-05,0.0468,0.0468,0.02,0
5.365e-05,0.04688,0.04688,0.02,0
5.3366e-05,0.04696,0.04696,0.02,0
5.3082e-05,0.04704,0.04704,0.02,0
5.2798e-05,0.04712,0.04712,0.02,0
5.2513e-05,0.0472,0.0472,0.02,0
5.2229e-05,0.04728,0.04728,0.02,0
5.1945e-05,0.04736,0.04736,0.02,0
5.1661e-05,0.04744,0.04744,0.02,0
5.1376e-05,0.04752,0.04752,0.02,0
5.1092e-05,0.0476,0.0476,0.02,0
5.0808e-05,0.04768,0.04768,0.02,0
5.0524e-05,0.04776,0.04776,0.02,0
5.024e-05,0.04784,0.04784,0.02,0
4.9955e-05,0.04792,0.04792,0.02,0
4.9671e-05,0.048,0.048,0.02,0
4.9393e-05,0.04808,0.04808,0.02,0
4.9115e-05,0.04816,0.04816,0.02,0
4.8837e-05,0.04824,0.04824,0.02,0
4.8559e-05,0.04832,0.04832,0.02,0
4.828e-05,0.0484,0.0484,0.02,0
4.8002e-05,0.04848,0.04848,0.02,0
4.7724e-05,0.04856,0.04856,0.02,0
4.7446e-05,0.04864,0.04864,0.02,0
4.7168e-05,0.04872,0.04872,0.02,0
4.6889e-05,0.0488,0.0488,0.02,0
4.6611e-05,0.04888,0.04888,0.02,0
4.6333e-05,0.04896,0.04896,0.02,0
4.6055e-05,0.04904,0.04904,0.02,0
4.5777e-05,0.04912,0.04912,0.02,0
4.5498e-05,0.0492,0.0492,0.02,0
4.522e-05,0.04928,0.04928,0.02,0
4.4942e-05,0.04936,0.04936,0.02,0
4.4664e-05,0.04944,0.04944,0.02,0
4.4386e-05,0.04952,0.04952,0.02,0
4.4108e-05,0.0496,0.0496,0.02,0
4.3829e-05,0.04968,0.04968,0.02,0
4.3551e-05,0.04976,0.04976,0.02,0
4.3273e-05,0.04984,0.04984,0.02,0
4.2995e-05,0.04992,0.04992,0.02,0
4.2717e-05,0.05,0.05,0.02,0
4.2452e-05,0.05008,0.05008,0.02,0
4.2188e-05,0.05016,0.05016,0.02,0
4.1924e-05,0.05024,0.05024,0.02,0
4.1659e-05,0.05032,0.05032,0.02,0
4.1395e-05,0.0504,0.0504,0.02,0
4.1131e-05,0.05048,0.05048,0.02,0
4.0866e-05,0.05056,0.05056,0.02,0
4.0602e-05,0.05064,0.05064,0.02,0
4.0338e-05,0.05072,0.05072,0.02,0
4.0073e-05,0.0508,0.0508,0.02,0
3.9809e-05,0.05088,0.05088,0.02,0
3.9545e-05,0.05096,0.05096,0.02,0
3.928e-05,0.05104,0.05104,0.02,0
3.9016e-05,0.05112,0.05112,0.02,0
3.8752e-05,0.0512,0.0512,0.02,0
3.8488e-05,0.05128,0.05128,0.02,0
3.8223e-05,0.05136,0.05136,0.02,0
3.7959e-05,0.05144,0.05144,0.02,0
3.7695e-05,0.05152,0.05152,0.02,0
3.743e-05,0.0516,0.0516,0.02,0
3.7166e-05,0.05168,0.05168,0.02,0
3.6902e-05,0.05176,0.05176,0.02,0
3.6637e-05,0.05184,0.05184,0.02,0
3.6373e-05,0.05192,0.05192,0.02,0
3.6109e-05,0.052,0.052,0.02,0
3.5864e-05,0.05208,0.05208,0.02,0
3.562e-05,0.05216,0.05216,0.02,0
3.5376e-05,0.05224,0.05224,0.02,0
3.5132e-05,0.05232,0.05232,0.02,0
3.4888e-05,0.0524,0.0524,0.02,0
3.4643e-05,0.05248,0.05248,0.02,0
3.4399e-05,0.05256,0.05256,0.02,0
3.4155e-05,0.05264,0.05264,0.02,0
3.3911e-05,0.05272,0.05272,0.02,0
3.3667e-05,0.0528,0.0528,0.02,0
3.3422e-05,0.05288,0.05288,0.02,0
3.3178e-05,0.05296,0.05296,0.02,0
3.2934e-05,0.05304,0.05304,0.02,0
3.269e-05,0.05312,0.05312,0.02,0
3.2446e-05,0.0532,0.0532,0.02,0
3.2201e-05,0.05328,0.05328,0.02,0
3.1957e-05,0.05336,0.05336,0.02,0
3.1713e-05,0.05344,0.05344,0.02,0
3.1469e-05,0.05352,0.05352,0.02,0
3.1225e-05,0.0536,0.0536,0.02,0
3.098e-05,0.05368,0.05368,0.02,0
3.0736e-05,0.05376,0.05376,0.02,0
3.0492e-05,0.05384,0.05384,0.02,0
3.0248e-05,0.05392,0.05392,0.02,0
3.0004e-05,0.054,0.054,0.02,0
2.9784e-05,0.05408,0.05408,0.02,0
2.9564e-05,0.05416,0.05416,0.02,0
2.9344e-05,0.05424,0.05424,0.02,0
2.9125e-05,0.05432,0.05432,0.02,0
2.8905e-05,0.0544,0.0544,0.02,0
2.8685e-05,0.05448,0.05448,0.02,0
2.8466e-05,0.05456,0.05456,0.02,0
2.8246e-05,0.05464,0.05464,0.02,0
2.8026e-05,0.05472,0.05472,0.02,0
2.7806e-05,0.0548,0.0548,0.02,0
2.7587e-05,0.05488,0.05488,0.02,0
2.7367e-05,0.05496,0.05496,0.02,0
2.7147e-05,0.05504,0.05504,0.02,0
2.6928e-05,0.05512,0.05512,0.02,0
2.6708e-05,0.0552,0.0552,0.02,0
2.6488e-05,0.05528,0.05528,0.02,0
2.6268e-05,0.05536,0.05536,0.02,0
2.6049e-05,0.05544,0.05544,0.02,0
2.5829e-05,0.05552,0.05552,0.02,0
2.5609e-05,0.0556,0.0556,0.02,0
2.5389e-05,0.05568,0.05568,0.02,0
2.517e-05,0.05576,0.05576,0.02,0
2.495e-05,0.05584,0.05584,0.02,0
2.473e-05,0.05592,0.05592,0.02,0
2.4511e-05,0.056,0.056,0.02,0
2.4318e-05,0.05608,0.05608,0.02,0
2.4125e-05,0.05616,0.05616,0.02,0
2.3932e-05,0.05624,0.05624,0.02,0
2.3739e-05,0.05632,0.05632,0.02,0
2.3547e-05,0.0564,0.0564,0.02,0
2.3354e-05,0.05648,0.05648,0.02,0
2.3161e-05,0.05656,0.05656,0.02,0
2.2968e-05,0.05664,0.05664,0.02,0
2.2775e-05,0.05672,0.05672,0.02,0
2.2583e-05,0.0568,0.0568,0.02,0
2.239e-05,0.05688,0.05688,0.02,0
2.2197e-05,0.05696,0.05696,0.02,0
2.2004e-05,0.05704,0.05704,0.02,0
2.1812e-05,0.05712,0.05712,0.02,0
2.1619e-05,0.0572,0.0572,0.02,0
2.1426e-05,0.05728,0.05728,0.02,0
2.1233e-05,0.05736,0.05736,0.02,0
2.104e-05,0.05744,0.05744,0.02,0
2.0848e-05,0.05752,0.05752,0.02,0
2.0655e-05,0.0576,0.0576,0.02,0
2.0462e-05,0.05768,0.05768,0.02,0
2.0269e-05,0.05776,0.05776,0.02,0
2.0076e-05,0.05784,0.05784,0.02,0
1.9884e-05,0.05792,0.05792,0.02,0
1.9691e-05,0.058,0.058,0.02,0
1.9526e-05,0.05808,0.05808,0.02,0
1.936e-05,0.05816,0.05816,0.02,0
1.9195e-05,0.05824,0.05824,0.02,0
1.903e-05,0.05832,0.05832,0.02,0
1.8865e-05,0.0584,0.0584,0.02,0
1.87e-05,0.05848,0.05848,0.02,0
1.8534e-05,0.05856,0.05856,0.02,0
1.8369e-05,0.05864,0.05864,0.02,0
1.8204e-05,0.05872,0.05872,0.02,0
1.8039e-05,0.0588,0.0588,0.02,0
1.7874e-05,0.05888,0.05888,0.02,0
1.7708e-05,0.05896,0.05896,0.02,0
1.7543e-05,0.05904,0.05904,0.02,0
1.7378e-05,0.05912,0.05912,0.02,0
1.7213e-05,0.0592,0.0592,0.02,0
1.7048e-05,0.05928,0.05928,0.02,0
1.6882e-05,0.05936,0.05936,0.02,0
1.6717e-05,0.05944,0.05944,0.02,0
1.6552e-05,0.05952,0.05952,0.02,0
1.6387e-05,0.0596,0.0596,0.02,0
1.6222e-05,0.05968,0.05968,0.02,0
1.6057e-05,0.05976,0.05976,0.02,0
1.5891e-05,0.05984,0.05984,0.02,0
1.5726e-05,0.05992,0.05992,0.02,0
1.5561e-05,0.06,0.06,0.02,0
1.5423e-05,0.06008,0.06008,0.02,0
1.5284e-05,0.06016,0.06016,0.02,0
1.5146e-05,0.06024,0.06024,0.02,0
1.5007e-05,0.06032,0.06032,0.02,0
1.4869e-05,0.0604,0.0604,0.02,0
1.4731e-05,0.06048,0.06048,0.02,0
1.4592e-05,0.06056,0.06056,0.02,0
1.4454e-05,0.06064,0.06064,0.02,0
1.4315e-05,0.06072,0.06072,0.02,0
1.4177e-05,0.0608,0.0608,0.02,0
1.4039e-05,0.06088,0.06088,0.02,0
1.39e-05,0.06096,0.06096,0.02,0
1.3762e-05,0.06104,0.06104,0.02,0
1.3623e-05,0.06112,0.06112,0.02,0
1.3485e-05,0.0612,0.0612,0.02,0
1.3347e-05,0.06128,0.06128,0.02,0
1.3208e-05,0.06136,0.06136,0.02,0
1.307e-05,0.06144,0.06144,0.02,0
1.2931e-05,0.06152,0.06152,0.02,0
1.2793e-05,0.0616,0.0616,0.02,0
1.2655e-05,0.06168,0.06168,0.02,0
1.2516e-05,0.06176,0.06176,0.02,0
1.2378e-05,0.06184,0.06184,0.02,0
1.224e-05,0.06192,0.06192,0.02,0
1.2101e-05,0.062,0.062,0.02,0
1.1988e-05,0.06208,0.06208,0.02,0
1.1874e-05,0.06216,0.06216,0.02,0
1.1761e-05,0.06224,0.06224,0.02,0
1.1647e-05,0.06232,0.06232,0.02,0
1.1534e-05,0.0624,0.0624,0.02,0
1.142e-05,0.06248,0.06248,0.02,0
1.1307e-05,0.06256,0.06256,0.02,0
1.1193e-05,0.06264,0.06264,0.02,0
1.108e-05,0.06272,0.06272,0.02,0
1.0966e-05,0.0628,0.0628,0.02,0
1.0853e-05,0.06288,0.06288,0.02,0
1.0739e-05,0.06296,0.06296,0.02,0
1.0626e-05,0.06304,0.06304,0.02,0
1.0512e-05,0.06312,0.06312,0.02,0
1.0399e-05,0.0632,0.0632,0.02,0
1.0285e-05,0.06328,0.06328,0.02,0
1.0172e-05,0.06336,0.06336,0.02,0
1.0058e-05,0.06344,0.06344,0.02,0
9.945e-06,0.06352,0.06352,0.02,0
9.8315e-06,0.0636,0.0636,0.02,0
9.7181e-06,0.06368,0.06368,0.02,0
9.6046e-06,0.06376,0.06376,0.02,0
9.4911e-06,0.06384,0.06384,0.02,0
9.3776e-06,0.06392,0.06392,0.02,0
9.2641e-06,0.064,0.064,0.02,0
9.173e-06,0.06408,0.06408,0.02,0
9.0818e-06,0.06416,0.06416,0.02,0
8.9906e-06,0.06424,0.06424,0.02,0
8.8994e-06,0.06432,0.06432,0.02,0
8.8083e-06,0.0644,0.0644,0.02,0
8.7171e-06,0.06448,0.06448,0.02,0
8.6259e-06,0.06456,0.06456,0.02,0
8.5347e-06,0.06464,0.06464,0.02,0
8.4436e-06,0.06472,0.06472,0.02,0
8.3524e-06,0.0648,0.0648,0.02,0
8.2612e-06,0.06488,0.06488,0.02,0
8.17e-06,0.06496,0.06496,0.02,0
8.0788e-06,0.06504,0.06504,0.02,0
7.9877e-06,0.06512,0.06512,0.02,0
7.8965e-06,0.0652,0.0652,0.02,0
7.8053e-06,0.06528,0.06528,0.02,0
7.7141e-06,0.06536,0.06536,0.02,0
7.623e-06,0.06544,0.06544,0.02,0
7.5318e-06,0.06552,0.06552,0.02,0
7.4406e-06,0.0656,0.0656,0.02,0
7.3494e-06,0.06568,0.06568,0.02,0
7.2583e-06,0.06576,0.06576,0.02,0
7.1671e-06,0.06584,0.06584,0.02,0
7.0759e-06,0.06592,0.06592,0.02,0
6.9847e-06,0.066,0.066,0.02,0
6.9129e-06,0.06608,0.06608,0.02,0
6.841e-06,0.06616,0.06616,0.02,0
6.7692e-06,0.06624,0.06624,0.02,0
6.6974e-06,0.06632,0.06632,0.02,0
6.6255e-06,0.0664,0.0664,0.02,0
6.5537e-06,0.06648,0.06648,0.02,0
6.4818e-06,0.06656,0.06656,0.02,0
6.41e-06,0.06664,0.06664,0.02,0
6.3381e-06,0.06672,0.06672,0.02,0
6.2663e-06,0.0668,0.0668,0.02,0
6.1944e-06,0.06688,0.06688,0.02,0
6.1226e-06,0.06696,0.06696,0.02,0
6.0508e-06,0.06704,0.06704,0.02,0
5.9789e-06,0.06712,0.06712,0.02,0
5.9071e-06,0.0672,0.0672,0.02,0
5.8352e-06,0.06728,0.06728,0.02,0
5.7634e-06,0.06736,0.06736,0.02,0
5.6915e-06,0.06744,0.06744,0.02,0
5.6197e-06,0.06752,0.06752,0.02,0
5.5478e-06,0.0676,0.0676,0.02,0
5.476e-06,0.06768,0.06768,0.02,0
5.4042e-06,0.06776,0.06776,0.02,0
5.3323e-06,0.06784,0.06784,0.02,0
5.2605e-06,0.06792,0.06792,0.02,0
5.1886e-06,0.068,0.068,0.02,0
5.133e-06,0.06808,0.06808,0.02,0
5.0775e-06,0.06816,0.06816,0.02,0
5.0219e-06,0.06824,0.06824,0.02,0
4.9663e-06,0.06832,0.06832,0.02,0
4.9107e-06,0.0684,0.0684,0.02,0
4.8551e-06,0.06848,0.06848,0.02,0
4.7995e-06,0.06856,0.06856,0.02,0
4.744e-06,0.06864,0.06864,0.02,0
4.6884e-06,0.06872,0.06872,0.02,0
4.6328e-06,0.0688,0.0688,0.02,0
4.5772e-06,0.06888,0.06888,0.02,0
4.5216e-06,0.06896,0.06896,0.02,0
4.466e-06,0.06904,0.06904,0.02,0
4.4105e-06,0.06912,0.06912,0.02,0
4.3549e-06,0.0692,0.0692,0.02,0
4.2993e-06,0.06928,0.06928,0.02,0
4.2437e-06,0.06936,0.06936,0.02,0
4.1881e-06,0.06944,0.06944,0.02,0
4.1325e-06,0.06952,0.06952,0.02,0
4.0769e-06,0.0696,0.0696,0.02,0
4.0214e-06,0.06968,0.06968,0.02,0
3.9658e-06,0.06976,0.06976,0.02,0
3.9102e-06,0.06984,0.06984,0.02,0
3.8546e-06,0.06992,0.06992,0.02,0
3.799e-06,0.07,0.07,0.02,0
3.7568e-06,0.07008,0.07008,0.02,0
3.7146e-06,0.07016,0.07016,0.02,0
3.6724e-06,0.07024,0.07024,0.02,0
3.6302e-06,0.07032,0.07032,0.02,0
3.588e-06,0.0704,0.0704,0.02,0
3.5457e-06,0.07048,0.07048,0.02,0
3.5035e-06,0.07056,0.07056,0.02,0
3.4613e-06,0.07064,0.07064,0.02,0
3.4191e-06,0.07072,0.07072,0.02,0
3.3769e-06,0.0708,0.0708,0.02,0
3.3347e-06,0.07088,0.07088,0.02,0
3.2924e-06,0.07096,0.07096,0.02,0
3.2502e-06,0.07104,0.07104,0.02,0
3.208e-06,0.07112,0.07112,0.02,0
3.1658e-06,0.0712,0.0712,0.02,0
3.1236e-06,0.07128,0.07128,0.02,0
3.0814e-06,0.07136,0.07136,0.02,0
3.0392e-06,0.07144,0.07144,0.02,0
2.9969e-06,0.07152,0.07152,0.02,0
2.9547e-06,0.0716,0.0716,0.02,0
2.9125e-06,0.07168,0.07168,0.02,0
2.8703e-06,0.07176,0.07176,0.02,0
2.8281e-06,0.07184,0.07184,0.02,0
2.7859e-06,0.07192,0.07192,0.02,0
2.7436e-06,0.072,0.072,0.02,0
2.712e-06,0.07208,0.07208,0.02,0
2.6804e-06,0.07216,0.07216,0.02,0
2.6487e-06,0.07224,0.07224,0.02,0
2.6171e-06,0.07232,0.07232,0.02,0
2.5854e-06,0.0724,0.0724,0.02,0
2.5538e-06,0.07248,0.07248,0.02,0
2.5221e-06,0.07256,0.07256,0.02,0
2.4905e-06,0.07264,0.07264,0.02,0
2.4588e-06,0.07272,0.07272,0.02,0
2.4272e-06,0.0728,0.0728,0.02,0
2.3955e-06,0.07288,0.07288,0.02,0
2.3639e-06,0.07296,0.07296,0.02,0
2.3322e-06,0.07304,0.07304,0.02,0
2.3006e-06,0.07312,0.07312,0.02,0
2.2689e-06,0.0732,0.0732,0.02,0
2.2373e-06,0.07328,0.07328,0.02,0
2.2056e-06,0.07336,0.07336,0.02,0
2.174e-06,0.07344,0.07344,0.02,0
2.1423e-06,0.07352,0.07352,0.02,0
2.1107e-06,0.0736,0.0736,0.02,0
2.079e-06,0.07368,0.07368,0.02,0
2.0474e-06,0.07376,0.07376,0.02,0
2.0157e-06,0.07384,0.07384,0.02,0
1.9841e-06,0.07392,0.07392,0.02,0
1.9524e-06,0.074,0.074,0.02,0
1.9295e-06,0.07408,0.07408,0.02,0
1.9066e-06,0.07416,0.07416,0.02,0
1.8837e-06,0.07424,0.07424,0.02,0
1.8608e-06,0.07432,0.07432,0.02,0
1.8378e-06,0.0744,0.0744,0.02,0
1.8149e-06,0.07448,0.07448,0.02,0
1.792e-06,0.07456,0.07456,0.02,0
1.7691e-06,0.07464,0.07464,0.02,0
1.7462e-06,0.07472,0.07472,0.02,0
1.7232e-06,0.0748,0.0748,0.02,0
1.7003e-06,0.07488,0.07488,0.02,0
1.6774e-06,0.07496,0.07496,0.02,0
1.6545e-06,0.07504,0.07504,0.02,0
1.6316e-06,0.07512,0.07512,0.02,0
1.6086e-06,0.0752,0.0752,0.02,0
1.5857e-06,0.07528,0.07528,0.02,0
1.5628e-06,0.07536,0.07536,0.02,0
1.5399e-06,0.07544,0.07544,0.02,0
1.517e-06,0.07552,0.07552,0.02,0
1.494e-06,0.0756,0.0756,0.02,0
1.4711e-06,0.07568,0.07568,0.02,0
1.4482e-06,0.07576,0.07576,0.02,0
1.4253e-06,0.07584,0.07584,0.02,0
1.4024e-06,0.07592,0.07592,0.02,0
1.3794e-06,0.076,0.076,0.02,0
1.3616e-06,0.07608,0.07608,0.02,0
1.3438e-06,0.07616,0.07616,0.02,0
1.326e-06,0.07624,0.07624,0.02,0
1.3082e-06,0.07632,0.07632,0.02,0
1.2903e-06,0.0764,0.0764,0.02,0
1.2725e-06,0.07648,0.07648,0.02,0
1.2547e-06,0.07656,0.07656,0.02,0
1.2369e-06,0.07664,0.07664,0.02,0
1.2191e-06,0.07672,0.07672,0.02,0
1.2012e-06,0.0768,0.0768,0.02,0
1.1834e-06,0.07688,0.07688,0.02,0
1.1656e-06,0.07696,0.07696,0.02,0
1.1478e-06,0.07704,0.07704,0.02,0
1.13e-06,0.07712,0.07712,0.02,0
1.1121e-06,0.0772,0.0772,0.02,0
1.0943e-06,0.07728,0.07728,0.02,0
1.0765e-06,0.07736,0.07736,0.02,0
1.0587e-06,0.07744,0.07744,0.02,0
1.0409e-06,0.07752,0.07752,0.02,0
1.023e-06,0.0776,0.0776,0.02,0
1.0052e-06,0.07768,0.07768,0.02,0
9.8739e-07,0.07776,0.07776,0.02,0
9.6957e-07,0.07784,0.07784,0.02,0
9.5175e-07,0.07792,0.07792,0.02,0
9.3393e-07,0.078,0.078,0.02,0
9.2549e-07,0.07808,0.07808,0.02,0
9.1704e-07,0.07816,0.07816,0.02,0
9.086e-07,0.07824,0.07824,0.02,0
9.0016e-07,0.07832,0.07832,0.02,0
8.9171e-07,0.0784,0.0784,0.02,0
8.8327e-07,0.07848,0.07848,0.02,0
8.7483e-07,0.07856,0.07856,0.02,0
8.6638e-07,0.07864,0.07864,0.02,0
8.5794e-07,0.07872,0.07872,0.02,0
8.4949e-07,0.0788,0.0788,0.02,0
8.4105e-07,0.07888,0.07888,0.02,0
8.3261e-07,0.07896,0.07896,0.02,0
8.2416e-07,0.07904,0.07904,0.02,0
8.1572e-07,0.07912,0.07912,0.02,0
8.0728e-07,0.0792,0.0792,0.02,0
7.9883e-07,0.07928,0.07928,0.02,0
7.9039e-07,0.07936,0.07936,0.02,0
7.8194e-07,0.07944,0.07944,0.02,0
7.735e-07,0.07952,0.07952,0.02,0
7.6506e-07,0.0796,0.0796,0.02,0
7.5661e-07,0.07968,0.07968,0.02,0
7.4817e-07,0.07976,0.07976,0.02,0
7.3973e-07,0.07984,0.07984,0.02,0
7.3128e-07,0.07992,0.07992,0.02,0
7.2284e-07,0.08,0.08,0.02,0
